area,readiness,evidence,blocker_yes_no,required_action,confidence,notes
architecture atlas,ready,Docs/OPENINTELLIGENCE_ARCHITECTURE_ATLAS.md,no,None,exact,Complete and verified via delta repair 10.
canonical source of truth,ready,Docs/CANONICAL_OPENINTELLIGENCE_SOURCE_OF_TRUTH.md,no,None,exact,Updated with evidence metadata.
documentation consistency,ready,Docs/DOCUMENTATION_CONSISTENCY_AUDIT.md,no,None,exact,Phase 9B and Delta Repair 10 completed successfully.
documentation governance,ready,Phase 9B and Repair 10 tracking artifacts,no,None,exact,Tracking reconstruction completed and verified.
AGENTS/GEMINI instructions,ready,AGENTS.md and GEMINI.md,no,None,exact,Present and functioning correctly.
storage map,ready,Docs/AuditArtifacts/ArchitectureAtlas/storage_touchpoints.csv,no,None,exact,Verified local SQLite/BNNS boundaries.
sync map,ready,Docs/AuditArtifacts/ArchitectureAtlas/sync_touchpoints.csv,no,None,exact,Verified iCloud Drive boundaries. No CloudKit.
routing/PCC map,ready,Docs/AuditArtifacts/ArchitectureAtlas/routing_touchpoints.csv,no,None,exact,Verified local simulation fallback.
billing map,ready,Docs/AuditArtifacts/ArchitectureAtlas/billing_touchpoints.csv,no,None,exact,Verified UserDefaults usage.
App Intents map,ready,Docs/AuditArtifacts/ArchitectureAtlas/app_intents_touchpoints.csv,no,None,exact,Mapped 9/10 slot consumption.
Evidence Threads Phase 1A,ready,Docs/AuditArtifacts/FinalReview/final_implementation_gate.md,no,Implement Phase 1A,exact,Clear constraints set for local-only phase.
Evidence Threads Phase 1B,blocked,Docs/AgentPlaybooks/05_EVIDENCE_THREADS_IMPLEMENTATION_GUARDRAILS.md,yes,Await Phase 1A completion,exact,Phase 1B (Sync/Routing) is strictly blocked until 1A stabilizes.
test/QA readiness,ready_with_caution,Implementation Gate requirements,no,Ensure JSON serial/deserial tests are comprehensive,high,Relying on developer to build correct testing harness.
implementation risk,ready_with_caution,Implementation Gate constraints,no,Follow strict constraints,high,As long as guardrails are respected risk is minimal.
artifact cleanup/readability,ready,Docs/AuditArtifacts/FinalReview/final_canonical_file_index.md,no,None,exact,Consolidation and registry repairs complete.
future doc-update workflow,ready,Docs/AgentPlaybooks/03_CHANGE_IMPACT_DOC_UPDATE.md,no,None,exact,Process playbooks established.
